instance_name,shape_family,split,condition,reference_ply,monitor_stream,scanner_sequence,phase_model_dir,phase_summary,condition_root,condition_metadata
changouxing01,changouxing,dev,Clean,/workspace/data/liuyanan/Research_Data/4D-UMS/stomach_pcd/changouxing01.ply,/workspace/data/liuyanan/Research_Data/4D-UMS/benchmark/instances_before/changouxing01/monitor_stream.npz,/workspace/data/liuyanan/Research_Data/4D-UMS/benchmark/instances/changouxing01/scanner_sequence.npz,/workspace/data/liuyanan/Research_Data/4D-UMS/simuilate_data/instances/changouxing01/phase_sequence_models_run_001_20260330_0514,/workspace/data/liuyanan/Research_Data/4D-UMS/simuilate_data/instances/changouxing01/phase_sequence_models_run_001_20260330_0514/phase_sequence_summary.csv,/workspace/data/liuyanan/Research_Data/4D-UMS/benchmark/instances/changouxing01,
changouxing01,changouxing,dev,ImageNoise,/workspace/data/liuyanan/Research_Data/4D-UMS/stomach_pcd/changouxing01.ply,/home/liuyanan/data/Research_Data/4D-UMS/benchmark/conditions/image_noise/instances/changouxing01/monitor_stream.npz,/home/liuyanan/data/Research_Data/4D-UMS/benchmark/conditions/image_noise/instances/changouxing01/scanner_sequence.npz,/workspace/data/liuyanan/Research_Data/4D-UMS/simuilate_data/instances/changouxing01/phase_sequence_models_run_001_20260330_0514,/workspace/data/liuyanan/Research_Data/4D-UMS/simuilate_data/instances/changouxing01/phase_sequence_models_run_001_20260330_0514/phase_sequence_summary.csv,/home/liuyanan/data/Research_Data/4D-UMS/benchmark/conditions/image_noise/instances/changouxing01,/home/liuyanan/data/Research_Data/4D-UMS/benchmark/conditions/image_noise/instances/changouxing01/condition_metadata.json
changouxing01,changouxing,dev,PoseNoise,/workspace/data/liuyanan/Research_Data/4D-UMS/stomach_pcd/changouxing01.ply,/home/liuyanan/data/Research_Data/4D-UMS/benchmark/conditions/pose_noise/instances/changouxing01/monitor_stream.npz,/home/liuyanan/data/Research_Data/4D-UMS/benchmark/conditions/pose_noise/instances/changouxing01/scanner_sequence.npz,/workspace/data/liuyanan/Research_Data/4D-UMS/simuilate_data/instances/changouxing01/phase_sequence_models_run_001_20260330_0514,/workspace/data/liuyanan/Research_Data/4D-UMS/simuilate_data/instances/changouxing01/phase_sequence_models_run_001_20260330_0514/phase_sequence_summary.csv,/home/liuyanan/data/Research_Data/4D-UMS/benchmark/conditions/pose_noise/instances/changouxing01,/home/liuyanan/data/Research_Data/4D-UMS/benchmark/conditions/pose_noise/instances/changouxing01/condition_metadata.json
changouxing01,changouxing,dev,Sparse,/workspace/data/liuyanan/Research_Data/4D-UMS/stomach_pcd/changouxing01.ply,/home/liuyanan/data/Research_Data/4D-UMS/benchmark/conditions/sparse/instances/changouxing01/monitor_stream.npz,/home/liuyanan/data/Research_Data/4D-UMS/benchmark/conditions/sparse/instances/changouxing01/scanner_sequence.npz,/workspace/data/liuyanan/Research_Data/4D-UMS/simuilate_data/instances/changouxing01/phase_sequence_models_run_001_20260330_0514,/workspace/data/liuyanan/Research_Data/4D-UMS/simuilate_data/instances/changouxing01/phase_sequence_models_run_001_20260330_0514/phase_sequence_summary.csv,/home/liuyanan/data/Research_Data/4D-UMS/benchmark/conditions/sparse/instances/changouxing01,/home/liuyanan/data/Research_Data/4D-UMS/benchmark/conditions/sparse/instances/changouxing01/condition_metadata.json
changouxing02,changouxing,test,Clean,/workspace/data/liuyanan/Research_Data/4D-UMS/stomach_pcd/changouxing02.ply,/workspace/data/liuyanan/Research_Data/4D-UMS/benchmark/instances_before/changouxing02/monitor_stream.npz,/workspace/data/liuyanan/Research_Data/4D-UMS/benchmark/instances/changouxing02/scanner_sequence.npz,/workspace/data/liuyanan/Research_Data/4D-UMS/simuilate_data/instances/changouxing02/phase_sequence_models_run_002_20260330_0625,/workspace/data/liuyanan/Research_Data/4D-UMS/simuilate_data/instances/changouxing02/phase_sequence_models_run_002_20260330_0625/phase_sequence_summary.csv,/workspace/data/liuyanan/Research_Data/4D-UMS/benchmark/instances/changouxing02,
changouxing02,changouxing,test,ImageNoise,/workspace/data/liuyanan/Research_Data/4D-UMS/stomach_pcd/changouxing02.ply,/home/liuyanan/data/Research_Data/4D-UMS/benchmark/conditions/image_noise/instances/changouxing02/monitor_stream.npz,/home/liuyanan/data/Research_Data/4D-UMS/benchmark/conditions/image_noise/instances/changouxing02/scanner_sequence.npz,/workspace/data/liuyanan/Research_Data/4D-UMS/simuilate_data/instances/changouxing02/phase_sequence_models_run_002_20260330_0625,/workspace/data/liuyanan/Research_Data/4D-UMS/simuilate_data/instances/changouxing02/phase_sequence_models_run_002_20260330_0625/phase_sequence_summary.csv,/home/liuyanan/data/Research_Data/4D-UMS/benchmark/conditions/image_noise/instances/changouxing02,/home/liuyanan/data/Research_Data/4D-UMS/benchmark/conditions/image_noise/instances/changouxing02/condition_metadata.json
changouxing02,changouxing,test,PoseNoise,/workspace/data/liuyanan/Research_Data/4D-UMS/stomach_pcd/changouxing02.ply,/home/liuyanan/data/Research_Data/4D-UMS/benchmark/conditions/pose_noise/instances/changouxing02/monitor_stream.npz,/home/liuyanan/data/Research_Data/4D-UMS/benchmark/conditions/pose_noise/instances/changouxing02/scanner_sequence.npz,/workspace/data/liuyanan/Research_Data/4D-UMS/simuilate_data/instances/changouxing02/phase_sequence_models_run_002_20260330_0625,/workspace/data/liuyanan/Research_Data/4D-UMS/simuilate_data/instances/changouxing02/phase_sequence_models_run_002_20260330_0625/phase_sequence_summary.csv,/home/liuyanan/data/Research_Data/4D-UMS/benchmark/conditions/pose_noise/instances/changouxing02,/home/liuyanan/data/Research_Data/4D-UMS/benchmark/conditions/pose_noise/instances/changouxing02/condition_metadata.json
changouxing02,changouxing,test,Sparse,/workspace/data/liuyanan/Research_Data/4D-UMS/stomach_pcd/changouxing02.ply,/home/liuyanan/data/Research_Data/4D-UMS/benchmark/conditions/sparse/instances/changouxing02/monitor_stream.npz,/home/liuyanan/data/Research_Data/4D-UMS/benchmark/conditions/sparse/instances/changouxing02/scanner_sequence.npz,/workspace/data/liuyanan/Research_Data/4D-UMS/simuilate_data/instances/changouxing02/phase_sequence_models_run_002_20260330_0625,/workspace/data/liuyanan/Research_Data/4D-UMS/simuilate_data/instances/changouxing02/phase_sequence_models_run_002_20260330_0625/phase_sequence_summary.csv,/home/liuyanan/data/Research_Data/4D-UMS/benchmark/conditions/sparse/instances/changouxing02,/home/liuyanan/data/Research_Data/4D-UMS/benchmark/conditions/sparse/instances/changouxing02/condition_metadata.json
changouxing03,changouxing,test,Clean,/workspace/data/liuyanan/Research_Data/4D-UMS/stomach_pcd/changouxing03.ply,/workspace/data/liuyanan/Research_Data/4D-UMS/benchmark/instances_before/changouxing03/monitor_stream.npz,/workspace/data/liuyanan/Research_Data/4D-UMS/benchmark/instances/changouxing03/scanner_sequence.npz,/workspace/data/liuyanan/Research_Data/4D-UMS/simuilate_data/instances/changouxing03/phase_sequence_models_run_001_20260330_0538,/workspace/data/liuyanan/Research_Data/4D-UMS/simuilate_data/instances/changouxing03/phase_sequence_models_run_001_20260330_0538/phase_sequence_summary.csv,/workspace/data/liuyanan/Research_Data/4D-UMS/benchmark/instances/changouxing03,
changouxing03,changouxing,test,ImageNoise,/workspace/data/liuyanan/Research_Data/4D-UMS/stomach_pcd/changouxing03.ply,/home/liuyanan/data/Research_Data/4D-UMS/benchmark/conditions/image_noise/instances/changouxing03/monitor_stream.npz,/home/liuyanan/data/Research_Data/4D-UMS/benchmark/conditions/image_noise/instances/changouxing03/scanner_sequence.npz,/workspace/data/liuyanan/Research_Data/4D-UMS/simuilate_data/instances/changouxing03/phase_sequence_models_run_001_20260330_0538,/workspace/data/liuyanan/Research_Data/4D-UMS/simuilate_data/instances/changouxing03/phase_sequence_models_run_001_20260330_0538/phase_sequence_summary.csv,/home/liuyanan/data/Research_Data/4D-UMS/benchmark/conditions/image_noise/instances/changouxing03,/home/liuyanan/data/Research_Data/4D-UMS/benchmark/conditions/image_noise/instances/changouxing03/condition_metadata.json
changouxing03,changouxing,test,PoseNoise,/workspace/data/liuyanan/Research_Data/4D-UMS/stomach_pcd/changouxing03.ply,/home/liuyanan/data/Research_Data/4D-UMS/benchmark/conditions/pose_noise/instances/changouxing03/monitor_stream.npz,/home/liuyanan/data/Research_Data/4D-UMS/benchmark/conditions/pose_noise/instances/changouxing03/scanner_sequence.npz,/workspace/data/liuyanan/Research_Data/4D-UMS/simuilate_data/instances/changouxing03/phase_sequence_models_run_001_20260330_0538,/workspace/data/liuyanan/Research_Data/4D-UMS/simuilate_data/instances/changouxing03/phase_sequence_models_run_001_20260330_0538/phase_sequence_summary.csv,/home/liuyanan/data/Research_Data/4D-UMS/benchmark/conditions/pose_noise/instances/changouxing03,/home/liuyanan/data/Research_Data/4D-UMS/benchmark/conditions/pose_noise/instances/changouxing03/condition_metadata.json
changouxing03,changouxing,test,Sparse,/workspace/data/liuyanan/Research_Data/4D-UMS/stomach_pcd/changouxing03.ply,/home/liuyanan/data/Research_Data/4D-UMS/benchmark/conditions/sparse/instances/changouxing03/monitor_stream.npz,/home/liuyanan/data/Research_Data/4D-UMS/benchmark/conditions/sparse/instances/changouxing03/scanner_sequence.npz,/workspace/data/liuyanan/Research_Data/4D-UMS/simuilate_data/instances/changouxing03/phase_sequence_models_run_001_20260330_0538,/workspace/data/liuyanan/Research_Data/4D-UMS/simuilate_data/instances/changouxing03/phase_sequence_models_run_001_20260330_0538/phase_sequence_summary.csv,/home/liuyanan/data/Research_Data/4D-UMS/benchmark/conditions/sparse/instances/changouxing03,/home/liuyanan/data/Research_Data/4D-UMS/benchmark/conditions/sparse/instances/changouxing03/condition_metadata.json
gouxing01,gouxing,dev,Clean,/workspace/data/liuyanan/Research_Data/4D-UMS/stomach_pcd/gouxing01.ply,/workspace/data/liuyanan/Research_Data/4D-UMS/benchmark/instances_before/gouxing01/monitor_stream.npz,/workspace/data/liuyanan/Research_Data/4D-UMS/benchmark/instances/gouxing01/scanner_sequence.npz,/workspace/data/liuyanan/Research_Data/4D-UMS/simuilate_data/instances/gouxing01/phase_sequence_models_run_002_20260330_0627,/workspace/data/liuyanan/Research_Data/4D-UMS/simuilate_data/instances/gouxing01/phase_sequence_models_run_002_20260330_0627/phase_sequence_summary.csv,/workspace/data/liuyanan/Research_Data/4D-UMS/benchmark/instances/gouxing01,
gouxing01,gouxing,dev,ImageNoise,/workspace/data/liuyanan/Research_Data/4D-UMS/stomach_pcd/gouxing01.ply,/home/liuyanan/data/Research_Data/4D-UMS/benchmark/conditions/image_noise/instances/gouxing01/monitor_stream.npz,/home/liuyanan/data/Research_Data/4D-UMS/benchmark/conditions/image_noise/instances/gouxing01/scanner_sequence.npz,/workspace/data/liuyanan/Research_Data/4D-UMS/simuilate_data/instances/gouxing01/phase_sequence_models_run_002_20260330_0627,/workspace/data/liuyanan/Research_Data/4D-UMS/simuilate_data/instances/gouxing01/phase_sequence_models_run_002_20260330_0627/phase_sequence_summary.csv,/home/liuyanan/data/Research_Data/4D-UMS/benchmark/conditions/image_noise/instances/gouxing01,/home/liuyanan/data/Research_Data/4D-UMS/benchmark/conditions/image_noise/instances/gouxing01/condition_metadata.json
gouxing01,gouxing,dev,PoseNoise,/workspace/data/liuyanan/Research_Data/4D-UMS/stomach_pcd/gouxing01.ply,/home/liuyanan/data/Research_Data/4D-UMS/benchmark/conditions/pose_noise/instances/gouxing01/monitor_stream.npz,/home/liuyanan/data/Research_Data/4D-UMS/benchmark/conditions/pose_noise/instances/gouxing01/scanner_sequence.npz,/workspace/data/liuyanan/Research_Data/4D-UMS/simuilate_data/instances/gouxing01/phase_sequence_models_run_002_20260330_0627,/workspace/data/liuyanan/Research_Data/4D-UMS/simuilate_data/instances/gouxing01/phase_sequence_models_run_002_20260330_0627/phase_sequence_summary.csv,/home/liuyanan/data/Research_Data/4D-UMS/benchmark/conditions/pose_noise/instances/gouxing01,/home/liuyanan/data/Research_Data/4D-UMS/benchmark/conditions/pose_noise/instances/gouxing01/condition_metadata.json
gouxing01,gouxing,dev,Sparse,/workspace/data/liuyanan/Research_Data/4D-UMS/stomach_pcd/gouxing01.ply,/home/liuyanan/data/Research_Data/4D-UMS/benchmark/conditions/sparse/instances/gouxing01/monitor_stream.npz,/home/liuyanan/data/Research_Data/4D-UMS/benchmark/conditions/sparse/instances/gouxing01/scanner_sequence.npz,/workspace/data/liuyanan/Research_Data/4D-UMS/simuilate_data/instances/gouxing01/phase_sequence_models_run_002_20260330_0627,/workspace/data/liuyanan/Research_Data/4D-UMS/simuilate_data/instances/gouxing01/phase_sequence_models_run_002_20260330_0627/phase_sequence_summary.csv,/home/liuyanan/data/Research_Data/4D-UMS/benchmark/conditions/sparse/instances/gouxing01,/home/liuyanan/data/Research_Data/4D-UMS/benchmark/conditions/sparse/instances/gouxing01/condition_metadata.json
gouxing02,gouxing,test,Clean,/workspace/data/liuyanan/Research_Data/4D-UMS/stomach_pcd/gouxing02.ply,/workspace/data/liuyanan/Research_Data/4D-UMS/benchmark/instances_before/gouxing02/monitor_stream.npz,/workspace/data/liuyanan/Research_Data/4D-UMS/benchmark/instances/gouxing02/scanner_sequence.npz,/workspace/data/liuyanan/Research_Data/4D-UMS/simuilate_data/instances/gouxing02/phase_sequence_models_run_002_20260330_0630,/workspace/data/liuyanan/Research_Data/4D-UMS/simuilate_data/instances/gouxing02/phase_sequence_models_run_002_20260330_0630/phase_sequence_summary.csv,/workspace/data/liuyanan/Research_Data/4D-UMS/benchmark/instances/gouxing02,
gouxing02,gouxing,test,ImageNoise,/workspace/data/liuyanan/Research_Data/4D-UMS/stomach_pcd/gouxing02.ply,/home/liuyanan/data/Research_Data/4D-UMS/benchmark/conditions/image_noise/instances/gouxing02/monitor_stream.npz,/home/liuyanan/data/Research_Data/4D-UMS/benchmark/conditions/image_noise/instances/gouxing02/scanner_sequence.npz,/workspace/data/liuyanan/Research_Data/4D-UMS/simuilate_data/instances/gouxing02/phase_sequence_models_run_002_20260330_0630,/workspace/data/liuyanan/Research_Data/4D-UMS/simuilate_data/instances/gouxing02/phase_sequence_models_run_002_20260330_0630/phase_sequence_summary.csv,/home/liuyanan/data/Research_Data/4D-UMS/benchmark/conditions/image_noise/instances/gouxing02,/home/liuyanan/data/Research_Data/4D-UMS/benchmark/conditions/image_noise/instances/gouxing02/condition_metadata.json
gouxing02,gouxing,test,PoseNoise,/workspace/data/liuyanan/Research_Data/4D-UMS/stomach_pcd/gouxing02.ply,/home/liuyanan/data/Research_Data/4D-UMS/benchmark/conditions/pose_noise/instances/gouxing02/monitor_stream.npz,/home/liuyanan/data/Research_Data/4D-UMS/benchmark/conditions/pose_noise/instances/gouxing02/scanner_sequence.npz,/workspace/data/liuyanan/Research_Data/4D-UMS/simuilate_data/instances/gouxing02/phase_sequence_models_run_002_20260330_0630,/workspace/data/liuyanan/Research_Data/4D-UMS/simuilate_data/instances/gouxing02/phase_sequence_models_run_002_20260330_0630/phase_sequence_summary.csv,/home/liuyanan/data/Research_Data/4D-UMS/benchmark/conditions/pose_noise/instances/gouxing02,/home/liuyanan/data/Research_Data/4D-UMS/benchmark/conditions/pose_noise/instances/gouxing02/condition_metadata.json
gouxing02,gouxing,test,Sparse,/workspace/data/liuyanan/Research_Data/4D-UMS/stomach_pcd/gouxing02.ply,/home/liuyanan/data/Research_Data/4D-UMS/benchmark/conditions/sparse/instances/gouxing02/monitor_stream.npz,/home/liuyanan/data/Research_Data/4D-UMS/benchmark/conditions/sparse/instances/gouxing02/scanner_sequence.npz,/workspace/data/liuyanan/Research_Data/4D-UMS/simuilate_data/instances/gouxing02/phase_sequence_models_run_002_20260330_0630,/workspace/data/liuyanan/Research_Data/4D-UMS/simuilate_data/instances/gouxing02/phase_sequence_models_run_002_20260330_0630/phase_sequence_summary.csv,/home/liuyanan/data/Research_Data/4D-UMS/benchmark/conditions/sparse/instances/gouxing02,/home/liuyanan/data/Research_Data/4D-UMS/benchmark/conditions/sparse/instances/gouxing02/condition_metadata.json
gouxing03,gouxing,test,Clean,/workspace/data/liuyanan/Research_Data/4D-UMS/stomach_pcd/gouxing03.ply,/workspace/data/liuyanan/Research_Data/4D-UMS/benchmark/instances_before/gouxing03/monitor_stream.npz,/workspace/data/liuyanan/Research_Data/4D-UMS/benchmark/instances/gouxing03/scanner_sequence.npz,/workspace/data/liuyanan/Research_Data/4D-UMS/simuilate_data/instances/gouxing03/phase_sequence_models_run_001_20260330_0542,/workspace/data/liuyanan/Research_Data/4D-UMS/simuilate_data/instances/gouxing03/phase_sequence_models_run_001_20260330_0542/phase_sequence_summary.csv,/workspace/data/liuyanan/Research_Data/4D-UMS/benchmark/instances/gouxing03,
gouxing03,gouxing,test,ImageNoise,/workspace/data/liuyanan/Research_Data/4D-UMS/stomach_pcd/gouxing03.ply,/home/liuyanan/data/Research_Data/4D-UMS/benchmark/conditions/image_noise/instances/gouxing03/monitor_stream.npz,/home/liuyanan/data/Research_Data/4D-UMS/benchmark/conditions/image_noise/instances/gouxing03/scanner_sequence.npz,/workspace/data/liuyanan/Research_Data/4D-UMS/simuilate_data/instances/gouxing03/phase_sequence_models_run_001_20260330_0542,/workspace/data/liuyanan/Research_Data/4D-UMS/simuilate_data/instances/gouxing03/phase_sequence_models_run_001_20260330_0542/phase_sequence_summary.csv,/home/liuyanan/data/Research_Data/4D-UMS/benchmark/conditions/image_noise/instances/gouxing03,/home/liuyanan/data/Research_Data/4D-UMS/benchmark/conditions/image_noise/instances/gouxing03/condition_metadata.json
gouxing03,gouxing,test,PoseNoise,/workspace/data/liuyanan/Research_Data/4D-UMS/stomach_pcd/gouxing03.ply,/home/liuyanan/data/Research_Data/4D-UMS/benchmark/conditions/pose_noise/instances/gouxing03/monitor_stream.npz,/home/liuyanan/data/Research_Data/4D-UMS/benchmark/conditions/pose_noise/instances/gouxing03/scanner_sequence.npz,/workspace/data/liuyanan/Research_Data/4D-UMS/simuilate_data/instances/gouxing03/phase_sequence_models_run_001_20260330_0542,/workspace/data/liuyanan/Research_Data/4D-UMS/simuilate_data/instances/gouxing03/phase_sequence_models_run_001_20260330_0542/phase_sequence_summary.csv,/home/liuyanan/data/Research_Data/4D-UMS/benchmark/conditions/pose_noise/instances/gouxing03,/home/liuyanan/data/Research_Data/4D-UMS/benchmark/conditions/pose_noise/instances/gouxing03/condition_metadata.json
gouxing03,gouxing,test,Sparse,/workspace/data/liuyanan/Research_Data/4D-UMS/stomach_pcd/gouxing03.ply,/home/liuyanan/data/Research_Data/4D-UMS/benchmark/conditions/sparse/instances/gouxing03/monitor_stream.npz,/home/liuyanan/data/Research_Data/4D-UMS/benchmark/conditions/sparse/instances/gouxing03/scanner_sequence.npz,/workspace/data/liuyanan/Research_Data/4D-UMS/simuilate_data/instances/gouxing03/phase_sequence_models_run_001_20260330_0542,/workspace/data/liuyanan/Research_Data/4D-UMS/simuilate_data/instances/gouxing03/phase_sequence_models_run_001_20260330_0542/phase_sequence_summary.csv,/home/liuyanan/data/Research_Data/4D-UMS/benchmark/conditions/sparse/instances/gouxing03,/home/liuyanan/data/Research_Data/4D-UMS/benchmark/conditions/sparse/instances/gouxing03/condition_metadata.json
niujiaoxing01,niujiaoxing,dev,Clean,/workspace/data/liuyanan/Research_Data/4D-UMS/stomach_pcd/niujiaoxing01.ply,/workspace/data/liuyanan/Research_Data/4D-UMS/benchmark/instances_before/niujiaoxing01/monitor_stream.npz,/workspace/data/liuyanan/Research_Data/4D-UMS/benchmark/instances/niujiaoxing01/scanner_sequence.npz,/workspace/data/liuyanan/Research_Data/4D-UMS/simuilate_data/instances/niujiaoxing01/phase_sequence_models_run_002_20260330_0632,/workspace/data/liuyanan/Research_Data/4D-UMS/simuilate_data/instances/niujiaoxing01/phase_sequence_models_run_002_20260330_0632/phase_sequence_summary.csv,/workspace/data/liuyanan/Research_Data/4D-UMS/benchmark/instances/niujiaoxing01,
niujiaoxing01,niujiaoxing,dev,ImageNoise,/workspace/data/liuyanan/Research_Data/4D-UMS/stomach_pcd/niujiaoxing01.ply,/home/liuyanan/data/Research_Data/4D-UMS/benchmark/conditions/image_noise/instances/niujiaoxing01/monitor_stream.npz,/home/liuyanan/data/Research_Data/4D-UMS/benchmark/conditions/image_noise/instances/niujiaoxing01/scanner_sequence.npz,/workspace/data/liuyanan/Research_Data/4D-UMS/simuilate_data/instances/niujiaoxing01/phase_sequence_models_run_002_20260330_0632,/workspace/data/liuyanan/Research_Data/4D-UMS/simuilate_data/instances/niujiaoxing01/phase_sequence_models_run_002_20260330_0632/phase_sequence_summary.csv,/home/liuyanan/data/Research_Data/4D-UMS/benchmark/conditions/image_noise/instances/niujiaoxing01,/home/liuyanan/data/Research_Data/4D-UMS/benchmark/conditions/image_noise/instances/niujiaoxing01/condition_metadata.json
niujiaoxing01,niujiaoxing,dev,PoseNoise,/workspace/data/liuyanan/Research_Data/4D-UMS/stomach_pcd/niujiaoxing01.ply,/home/liuyanan/data/Research_Data/4D-UMS/benchmark/conditions/pose_noise/instances/niujiaoxing01/monitor_stream.npz,/home/liuyanan/data/Research_Data/4D-UMS/benchmark/conditions/pose_noise/instances/niujiaoxing01/scanner_sequence.npz,/workspace/data/liuyanan/Research_Data/4D-UMS/simuilate_data/instances/niujiaoxing01/phase_sequence_models_run_002_20260330_0632,/workspace/data/liuyanan/Research_Data/4D-UMS/simuilate_data/instances/niujiaoxing01/phase_sequence_models_run_002_20260330_0632/phase_sequence_summary.csv,/home/liuyanan/data/Research_Data/4D-UMS/benchmark/conditions/pose_noise/instances/niujiaoxing01,/home/liuyanan/data/Research_Data/4D-UMS/benchmark/conditions/pose_noise/instances/niujiaoxing01/condition_metadata.json
niujiaoxing01,niujiaoxing,dev,Sparse,/workspace/data/liuyanan/Research_Data/4D-UMS/stomach_pcd/niujiaoxing01.ply,/home/liuyanan/data/Research_Data/4D-UMS/benchmark/conditions/sparse/instances/niujiaoxing01/monitor_stream.npz,/home/liuyanan/data/Research_Data/4D-UMS/benchmark/conditions/sparse/instances/niujiaoxing01/scanner_sequence.npz,/workspace/data/liuyanan/Research_Data/4D-UMS/simuilate_data/instances/niujiaoxing01/phase_sequence_models_run_002_20260330_0632,/workspace/data/liuyanan/Research_Data/4D-UMS/simuilate_data/instances/niujiaoxing01/phase_sequence_models_run_002_20260330_0632/phase_sequence_summary.csv,/home/liuyanan/data/Research_Data/4D-UMS/benchmark/conditions/sparse/instances/niujiaoxing01,/home/liuyanan/data/Research_Data/4D-UMS/benchmark/conditions/sparse/instances/niujiaoxing01/condition_metadata.json
niujiaoxing02,niujiaoxing,test,Clean,/workspace/data/liuyanan/Research_Data/4D-UMS/stomach_pcd/niujiaoxing02.ply,/workspace/data/liuyanan/Research_Data/4D-UMS/benchmark/instances_before/niujiaoxing02/monitor_stream.npz,/workspace/data/liuyanan/Research_Data/4D-UMS/benchmark/instances/niujiaoxing02/scanner_sequence.npz,/workspace/data/liuyanan/Research_Data/4D-UMS/simuilate_data/instances/niujiaoxing02/phase_sequence_models_run_002_20260330_0633,/workspace/data/liuyanan/Research_Data/4D-UMS/simuilate_data/instances/niujiaoxing02/phase_sequence_models_run_002_20260330_0633/phase_sequence_summary.csv,/workspace/data/liuyanan/Research_Data/4D-UMS/benchmark/instances/niujiaoxing02,
niujiaoxing02,niujiaoxing,test,ImageNoise,/workspace/data/liuyanan/Research_Data/4D-UMS/stomach_pcd/niujiaoxing02.ply,/home/liuyanan/data/Research_Data/4D-UMS/benchmark/conditions/image_noise/instances/niujiaoxing02/monitor_stream.npz,/home/liuyanan/data/Research_Data/4D-UMS/benchmark/conditions/image_noise/instances/niujiaoxing02/scanner_sequence.npz,/workspace/data/liuyanan/Research_Data/4D-UMS/simuilate_data/instances/niujiaoxing02/phase_sequence_models_run_002_20260330_0633,/workspace/data/liuyanan/Research_Data/4D-UMS/simuilate_data/instances/niujiaoxing02/phase_sequence_models_run_002_20260330_0633/phase_sequence_summary.csv,/home/liuyanan/data/Research_Data/4D-UMS/benchmark/conditions/image_noise/instances/niujiaoxing02,/home/liuyanan/data/Research_Data/4D-UMS/benchmark/conditions/image_noise/instances/niujiaoxing02/condition_metadata.json
niujiaoxing02,niujiaoxing,test,PoseNoise,/workspace/data/liuyanan/Research_Data/4D-UMS/stomach_pcd/niujiaoxing02.ply,/home/liuyanan/data/Research_Data/4D-UMS/benchmark/conditions/pose_noise/instances/niujiaoxing02/monitor_stream.npz,/home/liuyanan/data/Research_Data/4D-UMS/benchmark/conditions/pose_noise/instances/niujiaoxing02/scanner_sequence.npz,/workspace/data/liuyanan/Research_Data/4D-UMS/simuilate_data/instances/niujiaoxing02/phase_sequence_models_run_002_20260330_0633,/workspace/data/liuyanan/Research_Data/4D-UMS/simuilate_data/instances/niujiaoxing02/phase_sequence_models_run_002_20260330_0633/phase_sequence_summary.csv,/home/liuyanan/data/Research_Data/4D-UMS/benchmark/conditions/pose_noise/instances/niujiaoxing02,/home/liuyanan/data/Research_Data/4D-UMS/benchmark/conditions/pose_noise/instances/niujiaoxing02/condition_metadata.json
niujiaoxing02,niujiaoxing,test,Sparse,/workspace/data/liuyanan/Research_Data/4D-UMS/stomach_pcd/niujiaoxing02.ply,/home/liuyanan/data/Research_Data/4D-UMS/benchmark/conditions/sparse/instances/niujiaoxing02/monitor_stream.npz,/home/liuyanan/data/Research_Data/4D-UMS/benchmark/conditions/sparse/instances/niujiaoxing02/scanner_sequence.npz,/workspace/data/liuyanan/Research_Data/4D-UMS/simuilate_data/instances/niujiaoxing02/phase_sequence_models_run_002_20260330_0633,/workspace/data/liuyanan/Research_Data/4D-UMS/simuilate_data/instances/niujiaoxing02/phase_sequence_models_run_002_20260330_0633/phase_sequence_summary.csv,/home/liuyanan/data/Research_Data/4D-UMS/benchmark/conditions/sparse/instances/niujiaoxing02,/home/liuyanan/data/Research_Data/4D-UMS/benchmark/conditions/sparse/instances/niujiaoxing02/condition_metadata.json
niujiaoxing03,niujiaoxing,test,Clean,/workspace/data/liuyanan/Research_Data/4D-UMS/stomach_pcd/niujiaoxing03.ply,/workspace/data/liuyanan/Research_Data/4D-UMS/benchmark/instances_before/niujiaoxing03/monitor_stream.npz,/workspace/data/liuyanan/Research_Data/4D-UMS/benchmark/instances/niujiaoxing03/scanner_sequence.npz,/workspace/data/liuyanan/Research_Data/4D-UMS/simuilate_data/instances/niujiaoxing03/phase_sequence_models_run_002_20260330_0635,/workspace/data/liuyanan/Research_Data/4D-UMS/simuilate_data/instances/niujiaoxing03/phase_sequence_models_run_002_20260330_0635/phase_sequence_summary.csv,/workspace/data/liuyanan/Research_Data/4D-UMS/benchmark/instances/niujiaoxing03,
niujiaoxing03,niujiaoxing,test,ImageNoise,/workspace/data/liuyanan/Research_Data/4D-UMS/stomach_pcd/niujiaoxing03.ply,/home/liuyanan/data/Research_Data/4D-UMS/benchmark/conditions/image_noise/instances/niujiaoxing03/monitor_stream.npz,/home/liuyanan/data/Research_Data/4D-UMS/benchmark/conditions/image_noise/instances/niujiaoxing03/scanner_sequence.npz,/workspace/data/liuyanan/Research_Data/4D-UMS/simuilate_data/instances/niujiaoxing03/phase_sequence_models_run_002_20260330_0635,/workspace/data/liuyanan/Research_Data/4D-UMS/simuilate_data/instances/niujiaoxing03/phase_sequence_models_run_002_20260330_0635/phase_sequence_summary.csv,/home/liuyanan/data/Research_Data/4D-UMS/benchmark/conditions/image_noise/instances/niujiaoxing03,/home/liuyanan/data/Research_Data/4D-UMS/benchmark/conditions/image_noise/instances/niujiaoxing03/condition_metadata.json
niujiaoxing03,niujiaoxing,test,PoseNoise,/workspace/data/liuyanan/Research_Data/4D-UMS/stomach_pcd/niujiaoxing03.ply,/home/liuyanan/data/Research_Data/4D-UMS/benchmark/conditions/pose_noise/instances/niujiaoxing03/monitor_stream.npz,/home/liuyanan/data/Research_Data/4D-UMS/benchmark/conditions/pose_noise/instances/niujiaoxing03/scanner_sequence.npz,/workspace/data/liuyanan/Research_Data/4D-UMS/simuilate_data/instances/niujiaoxing03/phase_sequence_models_run_002_20260330_0635,/workspace/data/liuyanan/Research_Data/4D-UMS/simuilate_data/instances/niujiaoxing03/phase_sequence_models_run_002_20260330_0635/phase_sequence_summary.csv,/home/liuyanan/data/Research_Data/4D-UMS/benchmark/conditions/pose_noise/instances/niujiaoxing03,/home/liuyanan/data/Research_Data/4D-UMS/benchmark/conditions/pose_noise/instances/niujiaoxing03/condition_metadata.json
niujiaoxing03,niujiaoxing,test,Sparse,/workspace/data/liuyanan/Research_Data/4D-UMS/stomach_pcd/niujiaoxing03.ply,/home/liuyanan/data/Research_Data/4D-UMS/benchmark/conditions/sparse/instances/niujiaoxing03/monitor_stream.npz,/home/liuyanan/data/Research_Data/4D-UMS/benchmark/conditions/sparse/instances/niujiaoxing03/scanner_sequence.npz,/workspace/data/liuyanan/Research_Data/4D-UMS/simuilate_data/instances/niujiaoxing03/phase_sequence_models_run_002_20260330_0635,/workspace/data/liuyanan/Research_Data/4D-UMS/simuilate_data/instances/niujiaoxing03/phase_sequence_models_run_002_20260330_0635/phase_sequence_summary.csv,/home/liuyanan/data/Research_Data/4D-UMS/benchmark/conditions/sparse/instances/niujiaoxing03,/home/liuyanan/data/Research_Data/4D-UMS/benchmark/conditions/sparse/instances/niujiaoxing03/condition_metadata.json
pubuxing01,pubuxing,dev,Clean,/workspace/data/liuyanan/Research_Data/4D-UMS/stomach_pcd/pubuxing01.ply,/workspace/data/liuyanan/Research_Data/4D-UMS/benchmark/instances_before/pubuxing01/monitor_stream.npz,/workspace/data/liuyanan/Research_Data/4D-UMS/benchmark/instances/pubuxing01/scanner_sequence.npz,/workspace/data/liuyanan/Research_Data/4D-UMS/simuilate_data/instances/pubuxing01/phase_sequence_models_run_001_20260330_0548,/workspace/data/liuyanan/Research_Data/4D-UMS/simuilate_data/instances/pubuxing01/phase_sequence_models_run_001_20260330_0548/phase_sequence_summary.csv,/workspace/data/liuyanan/Research_Data/4D-UMS/benchmark/instances/pubuxing01,
pubuxing01,pubuxing,dev,ImageNoise,/workspace/data/liuyanan/Research_Data/4D-UMS/stomach_pcd/pubuxing01.ply,/home/liuyanan/data/Research_Data/4D-UMS/benchmark/conditions/image_noise/instances/pubuxing01/monitor_stream.npz,/home/liuyanan/data/Research_Data/4D-UMS/benchmark/conditions/image_noise/instances/pubuxing01/scanner_sequence.npz,/workspace/data/liuyanan/Research_Data/4D-UMS/simuilate_data/instances/pubuxing01/phase_sequence_models_run_001_20260330_0548,/workspace/data/liuyanan/Research_Data/4D-UMS/simuilate_data/instances/pubuxing01/phase_sequence_models_run_001_20260330_0548/phase_sequence_summary.csv,/home/liuyanan/data/Research_Data/4D-UMS/benchmark/conditions/image_noise/instances/pubuxing01,/home/liuyanan/data/Research_Data/4D-UMS/benchmark/conditions/image_noise/instances/pubuxing01/condition_metadata.json
pubuxing01,pubuxing,dev,PoseNoise,/workspace/data/liuyanan/Research_Data/4D-UMS/stomach_pcd/pubuxing01.ply,/home/liuyanan/data/Research_Data/4D-UMS/benchmark/conditions/pose_noise/instances/pubuxing01/monitor_stream.npz,/home/liuyanan/data/Research_Data/4D-UMS/benchmark/conditions/pose_noise/instances/pubuxing01/scanner_sequence.npz,/workspace/data/liuyanan/Research_Data/4D-UMS/simuilate_data/instances/pubuxing01/phase_sequence_models_run_001_20260330_0548,/workspace/data/liuyanan/Research_Data/4D-UMS/simuilate_data/instances/pubuxing01/phase_sequence_models_run_001_20260330_0548/phase_sequence_summary.csv,/home/liuyanan/data/Research_Data/4D-UMS/benchmark/conditions/pose_noise/instances/pubuxing01,/home/liuyanan/data/Research_Data/4D-UMS/benchmark/conditions/pose_noise/instances/pubuxing01/condition_metadata.json
pubuxing01,pubuxing,dev,Sparse,/workspace/data/liuyanan/Research_Data/4D-UMS/stomach_pcd/pubuxing01.ply,/home/liuyanan/data/Research_Data/4D-UMS/benchmark/conditions/sparse/instances/pubuxing01/monitor_stream.npz,/home/liuyanan/data/Research_Data/4D-UMS/benchmark/conditions/sparse/instances/pubuxing01/scanner_sequence.npz,/workspace/data/liuyanan/Research_Data/4D-UMS/simuilate_data/instances/pubuxing01/phase_sequence_models_run_001_20260330_0548,/workspace/data/liuyanan/Research_Data/4D-UMS/simuilate_data/instances/pubuxing01/phase_sequence_models_run_001_20260330_0548/phase_sequence_summary.csv,/home/liuyanan/data/Research_Data/4D-UMS/benchmark/conditions/sparse/instances/pubuxing01,/home/liuyanan/data/Research_Data/4D-UMS/benchmark/conditions/sparse/instances/pubuxing01/condition_metadata.json
pubuxing02,pubuxing,test,Clean,/workspace/data/liuyanan/Research_Data/4D-UMS/stomach_pcd/pubuxing02.ply,/workspace/data/liuyanan/Research_Data/4D-UMS/benchmark/instances_before/pubuxing02/monitor_stream.npz,/workspace/data/liuyanan/Research_Data/4D-UMS/benchmark/instances/pubuxing02/scanner_sequence.npz,/workspace/data/liuyanan/Research_Data/4D-UMS/simuilate_data/instances/pubuxing02/phase_sequence_models_run_002_20260330_0628,/workspace/data/liuyanan/Research_Data/4D-UMS/simuilate_data/instances/pubuxing02/phase_sequence_models_run_002_20260330_0628/phase_sequence_summary.csv,/workspace/data/liuyanan/Research_Data/4D-UMS/benchmark/instances/pubuxing02,
pubuxing02,pubuxing,test,ImageNoise,/workspace/data/liuyanan/Research_Data/4D-UMS/stomach_pcd/pubuxing02.ply,/home/liuyanan/data/Research_Data/4D-UMS/benchmark/conditions/image_noise/instances/pubuxing02/monitor_stream.npz,/home/liuyanan/data/Research_Data/4D-UMS/benchmark/conditions/image_noise/instances/pubuxing02/scanner_sequence.npz,/workspace/data/liuyanan/Research_Data/4D-UMS/simuilate_data/instances/pubuxing02/phase_sequence_models_run_002_20260330_0628,/workspace/data/liuyanan/Research_Data/4D-UMS/simuilate_data/instances/pubuxing02/phase_sequence_models_run_002_20260330_0628/phase_sequence_summary.csv,/home/liuyanan/data/Research_Data/4D-UMS/benchmark/conditions/image_noise/instances/pubuxing02,/home/liuyanan/data/Research_Data/4D-UMS/benchmark/conditions/image_noise/instances/pubuxing02/condition_metadata.json
pubuxing02,pubuxing,test,PoseNoise,/workspace/data/liuyanan/Research_Data/4D-UMS/stomach_pcd/pubuxing02.ply,/home/liuyanan/data/Research_Data/4D-UMS/benchmark/conditions/pose_noise/instances/pubuxing02/monitor_stream.npz,/home/liuyanan/data/Research_Data/4D-UMS/benchmark/conditions/pose_noise/instances/pubuxing02/scanner_sequence.npz,/workspace/data/liuyanan/Research_Data/4D-UMS/simuilate_data/instances/pubuxing02/phase_sequence_models_run_002_20260330_0628,/workspace/data/liuyanan/Research_Data/4D-UMS/simuilate_data/instances/pubuxing02/phase_sequence_models_run_002_20260330_0628/phase_sequence_summary.csv,/home/liuyanan/data/Research_Data/4D-UMS/benchmark/conditions/pose_noise/instances/pubuxing02,/home/liuyanan/data/Research_Data/4D-UMS/benchmark/conditions/pose_noise/instances/pubuxing02/condition_metadata.json
pubuxing02,pubuxing,test,Sparse,/workspace/data/liuyanan/Research_Data/4D-UMS/stomach_pcd/pubuxing02.ply,/home/liuyanan/data/Research_Data/4D-UMS/benchmark/conditions/sparse/instances/pubuxing02/monitor_stream.npz,/home/liuyanan/data/Research_Data/4D-UMS/benchmark/conditions/sparse/instances/pubuxing02/scanner_sequence.npz,/workspace/data/liuyanan/Research_Data/4D-UMS/simuilate_data/instances/pubuxing02/phase_sequence_models_run_002_20260330_0628,/workspace/data/liuyanan/Research_Data/4D-UMS/simuilate_data/instances/pubuxing02/phase_sequence_models_run_002_20260330_0628/phase_sequence_summary.csv,/home/liuyanan/data/Research_Data/4D-UMS/benchmark/conditions/sparse/instances/pubuxing02,/home/liuyanan/data/Research_Data/4D-UMS/benchmark/conditions/sparse/instances/pubuxing02/condition_metadata.json
pubuxing03,pubuxing,test,Clean,/workspace/data/liuyanan/Research_Data/4D-UMS/stomach_pcd/pubuxing03.ply,/workspace/data/liuyanan/Research_Data/4D-UMS/benchmark/instances_before/pubuxing03/monitor_stream.npz,/workspace/data/liuyanan/Research_Data/4D-UMS/benchmark/instances/pubuxing03/scanner_sequence.npz,/workspace/data/liuyanan/Research_Data/4D-UMS/simuilate_data/instances/pubuxing03/phase_sequence_models_run_001_20260330_0552,/workspace/data/liuyanan/Research_Data/4D-UMS/simuilate_data/instances/pubuxing03/phase_sequence_models_run_001_20260330_0552/phase_sequence_summary.csv,/workspace/data/liuyanan/Research_Data/4D-UMS/benchmark/instances/pubuxing03,
pubuxing03,pubuxing,test,ImageNoise,/workspace/data/liuyanan/Research_Data/4D-UMS/stomach_pcd/pubuxing03.ply,/home/liuyanan/data/Research_Data/4D-UMS/benchmark/conditions/image_noise/instances/pubuxing03/monitor_stream.npz,/home/liuyanan/data/Research_Data/4D-UMS/benchmark/conditions/image_noise/instances/pubuxing03/scanner_sequence.npz,/workspace/data/liuyanan/Research_Data/4D-UMS/simuilate_data/instances/pubuxing03/phase_sequence_models_run_001_20260330_0552,/workspace/data/liuyanan/Research_Data/4D-UMS/simuilate_data/instances/pubuxing03/phase_sequence_models_run_001_20260330_0552/phase_sequence_summary.csv,/home/liuyanan/data/Research_Data/4D-UMS/benchmark/conditions/image_noise/instances/pubuxing03,/home/liuyanan/data/Research_Data/4D-UMS/benchmark/conditions/image_noise/instances/pubuxing03/condition_metadata.json
pubuxing03,pubuxing,test,PoseNoise,/workspace/data/liuyanan/Research_Data/4D-UMS/stomach_pcd/pubuxing03.ply,/home/liuyanan/data/Research_Data/4D-UMS/benchmark/conditions/pose_noise/instances/pubuxing03/monitor_stream.npz,/home/liuyanan/data/Research_Data/4D-UMS/benchmark/conditions/pose_noise/instances/pubuxing03/scanner_sequence.npz,/workspace/data/liuyanan/Research_Data/4D-UMS/simuilate_data/instances/pubuxing03/phase_sequence_models_run_001_20260330_0552,/workspace/data/liuyanan/Research_Data/4D-UMS/simuilate_data/instances/pubuxing03/phase_sequence_models_run_001_20260330_0552/phase_sequence_summary.csv,/home/liuyanan/data/Research_Data/4D-UMS/benchmark/conditions/pose_noise/instances/pubuxing03,/home/liuyanan/data/Research_Data/4D-UMS/benchmark/conditions/pose_noise/instances/pubuxing03/condition_metadata.json
pubuxing03,pubuxing,test,Sparse,/workspace/data/liuyanan/Research_Data/4D-UMS/stomach_pcd/pubuxing03.ply,/home/liuyanan/data/Research_Data/4D-UMS/benchmark/conditions/sparse/instances/pubuxing03/monitor_stream.npz,/home/liuyanan/data/Research_Data/4D-UMS/benchmark/conditions/sparse/instances/pubuxing03/scanner_sequence.npz,/workspace/data/liuyanan/Research_Data/4D-UMS/simuilate_data/instances/pubuxing03/phase_sequence_models_run_001_20260330_0552,/workspace/data/liuyanan/Research_Data/4D-UMS/simuilate_data/instances/pubuxing03/phase_sequence_models_run_001_20260330_0552/phase_sequence_summary.csv,/home/liuyanan/data/Research_Data/4D-UMS/benchmark/conditions/sparse/instances/pubuxing03,/home/liuyanan/data/Research_Data/4D-UMS/benchmark/conditions/sparse/instances/pubuxing03/condition_metadata.json
